,Release date,Last Updated,CVE Number,CVE Number.1,CVE Title,Publicly Disclosed,Exploitability assessment,Exploited,Impact,Max Severity,Tag,Assigning CNA
0,"Oct 10, 2023","Oct 16, 2023",CVE-2023-44487,https://msrc.microsoft.com//update-guide/vulnerability/CVE-2023-44487,MITRE: CVE-2023-44487 HTTP/2 Rapid Reset Attack,No,Exploitation Detected,Yes,Denial of Service,Important,HTTP/2,MITRE Corporation
1,"Oct 10, 2023","Oct 11, 2023",CVE-2023-36563,https://msrc.microsoft.com//update-guide/vulnerability/CVE-2023-36563,Microsoft WordPad Information Disclosure Vulnerability,Yes,Exploitation Detected,Yes,Information Disclosure,Important,Microsoft WordPad,Microsoft
2,"Oct 10, 2023","Oct 10, 2023",CVE-2023-41763,https://msrc.microsoft.com//update-guide/vulnerability/CVE-2023-41763,Skype for Business Elevation of Privilege Vulnerability,Yes,Exploitation Detected,Yes,Elevation of Privilege,Important,Skype for Business,Microsoft
3,"Sep 29, 2023","Sep 30, 2023",CVE-2023-5217,https://msrc.microsoft.com//update-guide/vulnerability/CVE-2023-5217,Chromium: CVE-2023-5217 Heap buffer overflow in vp8 encoding in libvpx,Yes,,Yes,,,Microsoft Edge (Chromium-based),Chrome
4,"Sep 12, 2023","Oct 11, 2023",CVE-2023-4863,https://msrc.microsoft.com//update-guide/vulnerability/CVE-2023-4863,Chromium: CVE-2023-4863 Heap buffer overflow in WebP,Yes,,Yes,,,Microsoft Edge (Chromium-based),Chrome
5,"Sep 12, 2023","Sep 12, 2023",CVE-2023-36761,https://msrc.microsoft.com//update-guide/vulnerability/CVE-2023-36761,Microsoft Word Information Disclosure Vulnerability,Yes,Exploitation Detected,Yes,Information Disclosure,Important,Microsoft Office Word,Microsoft
6,"Sep 12, 2023","Sep 19, 2023",CVE-2023-36802,https://msrc.microsoft.com//update-guide/vulnerability/CVE-2023-36802,Microsoft Streaming Service Proxy Elevation of Privilege Vulnerability,No,Exploitation Detected,Yes,Elevation of Privilege,Important,Microsoft Streaming Service,Microsoft
7,"Oct 20, 2023","Oct 20, 2023",CVE-2023-36409,https://msrc.microsoft.com//update-guide/vulnerability/CVE-2023-36409,Microsoft Edge (Chromium-based) Information Disclosure Vulnerability,No,Exploitation Less Likely,No,Information Disclosure,Moderate,Microsoft Edge (Chromium-based),Microsoft
8,"Oct 19, 2023","Oct 20, 2023",CVE-2023-38039,https://msrc.microsoft.com//update-guide/vulnerability/CVE-2023-38039,Hackerone: CVE-2023-38039 HTTP headers eat all memory,Yes,,No,Denial of Service,Low,Windows cURL Implementation,Mitre
9,"Oct 19, 2023","Oct 20, 2023",CVE-2023-38545,https://msrc.microsoft.com//update-guide/vulnerability/CVE-2023-38545,MITRE: CVE-2023-38545 SOCKS5 heap buffer overflow,Yes,,No,Remote Code Execution,Important,Windows cURL Implementation,Hackerone
10,"Oct 13, 2023","Oct 13, 2023",CVE-2023-36559,https://msrc.microsoft.com//update-guide/vulnerability/CVE-2023-36559,Microsoft Edge (Chromium-based) Spoofing Vulnerability,No,Exploitation Less Likely,No,Spoofing,Low,Microsoft Edge (Chromium-based),Microsoft
11,"Oct 10, 2023","Oct 13, 2023",CVE-2023-36414,https://msrc.microsoft.com//update-guide/vulnerability/CVE-2023-36414,Azure Identity SDK Remote Code Execution Vulnerability,No,Exploitation Less Likely,No,Remote Code Execution,Important,Azure SDK,Microsoft
12,"Oct 10, 2023","Oct 13, 2023",CVE-2023-36415,https://msrc.microsoft.com//update-guide/vulnerability/CVE-2023-36415,Azure Identity SDK Remote Code Execution Vulnerability,No,Exploitation Less Likely,No,Remote Code Execution,Important,Azure SDK,Microsoft
13,"Oct 10, 2023","Oct 10, 2023",CVE-2023-36416,https://msrc.microsoft.com//update-guide/vulnerability/CVE-2023-36416,Microsoft Dynamics 365 (on-premises) Cross-site Scripting Vulnerability,No,Exploitation Less Likely,No,Spoofing,Important,Microsoft Dynamics,Microsoft
14,"Oct 10, 2023","Oct 10, 2023",CVE-2023-36418,https://msrc.microsoft.com//update-guide/vulnerability/CVE-2023-36418,Azure RTOS GUIX Studio Remote Code Execution Vulnerability,No,Exploitation Less Likely,No,Remote Code Execution,Important,Azure Real Time Operating System,Microsoft
15,"Oct 10, 2023","Oct 10, 2023",CVE-2023-36436,https://msrc.microsoft.com//update-guide/vulnerability/CVE-2023-36436,Windows MSHTML Platform Remote Code Execution Vulnerability,No,Exploitation Less Likely,No,Remote Code Execution,Important,Windows HTML Platform,Microsoft
16,"Oct 10, 2023","Oct 10, 2023",CVE-2023-36565,https://msrc.microsoft.com//update-guide/vulnerability/CVE-2023-36565,Microsoft Office Graphics Elevation of Privilege Vulnerability,No,Exploitation Less Likely,No,Elevation of Privilege,Important,Microsoft Office,Microsoft
17,"Oct 10, 2023","Oct 10, 2023",CVE-2023-36566,https://msrc.microsoft.com//update-guide/vulnerability/CVE-2023-36566,Microsoft Common Data Model SDK Denial of Service Vulnerability,No,Exploitation Less Likely,No,Denial of Service,Critical,Microsoft Common Data Model SDK,Microsoft
18,"Oct 10, 2023","Oct 10, 2023",CVE-2023-36743,https://msrc.microsoft.com//update-guide/vulnerability/CVE-2023-36743,Win32k Elevation of Privilege Vulnerability,No,Exploitation More Likely,No,Elevation of Privilege,Important,Windows Win32K,Microsoft
19,"Oct 10, 2023","Oct 10, 2023",CVE-2023-36776,https://msrc.microsoft.com//update-guide/vulnerability/CVE-2023-36776,Win32k Elevation of Privilege Vulnerability,No,Exploitation More Likely,No,Elevation of Privilege,Important,Windows Win32K,Microsoft
20,"Oct 10, 2023","Oct 10, 2023",CVE-2023-36778,https://msrc.microsoft.com//update-guide/vulnerability/CVE-2023-36778,Microsoft Exchange Server Remote Code Execution Vulnerability,No,Exploitation More Likely,No,Remote Code Execution,Important,Microsoft Exchange Server,Microsoft
21,"Oct 10, 2023","Oct 10, 2023",CVE-2023-36780,https://msrc.microsoft.com//update-guide/vulnerability/CVE-2023-36780,Skype for Business Remote Code Execution Vulnerability,No,Exploitation More Likely,No,Remote Code Execution,Important,Skype for Business,Microsoft
22,"Oct 10, 2023","Oct 11, 2023",CVE-2023-36785,https://msrc.microsoft.com//update-guide/vulnerability/CVE-2023-36785,Microsoft ODBC Driver for SQL Server Remote Code Execution Vulnerability,No,Exploitation Less Likely,No,Remote Code Execution,Important,SQL Server,Microsoft
23,"Oct 10, 2023","Oct 10, 2023",CVE-2023-36786,https://msrc.microsoft.com//update-guide/vulnerability/CVE-2023-36786,Skype for Business Remote Code Execution Vulnerability,No,Exploitation Less Likely,No,Remote Code Execution,Important,Skype for Business,Microsoft
24,"Oct 10, 2023","Oct 10, 2023",CVE-2023-36789,https://msrc.microsoft.com//update-guide/vulnerability/CVE-2023-36789,Skype for Business Remote Code Execution Vulnerability,No,Exploitation Less Likely,No,Remote Code Execution,Important,Skype for Business,Microsoft
25,"Oct 10, 2023","Oct 10, 2023",CVE-2023-36790,https://msrc.microsoft.com//update-guide/vulnerability/CVE-2023-36790,Windows RDP Encoder Mirror Driver Elevation of Privilege Vulnerability,No,Exploitation Less Likely,No,Elevation of Privilege,Important,Windows RDP,Microsoft
26,"Oct 10, 2023","Oct 10, 2023",CVE-2023-38159,https://msrc.microsoft.com//update-guide/vulnerability/CVE-2023-38159,Windows Graphics Component Elevation of Privilege Vulnerability,No,Exploitation More Likely,No,Elevation of Privilege,Important,Microsoft Graphics Component,Microsoft
27,"Oct 10, 2023","Oct 10, 2023",CVE-2023-38166,https://msrc.microsoft.com//update-guide/vulnerability/CVE-2023-38166,Layer 2 Tunneling Protocol Remote Code Execution Vulnerability,No,Exploitation Less Likely,No,Remote Code Execution,Critical,Windows Layer 2 Tunneling Protocol,Microsoft
28,"Oct 10, 2023","Oct 20, 2023",CVE-2023-29348,https://msrc.microsoft.com//update-guide/vulnerability/CVE-2023-29348,Windows Remote Desktop Gateway (RD Gateway) Information Disclosure Vulnerability,No,Exploitation Less Likely,No,Information Disclosure,Important,Windows RDP,Microsoft
29,"Oct 10, 2023","Oct 16, 2023",CVE-2023-36417,https://msrc.microsoft.com//update-guide/vulnerability/CVE-2023-36417,Microsoft SQL OLE DB Remote Code Execution Vulnerability,No,Exploitation Less Likely,No,Remote Code Execution,Important,SQL Server,Microsoft
30,"Oct 10, 2023","Oct 10, 2023",CVE-2023-36419,https://msrc.microsoft.com//update-guide/vulnerability/CVE-2023-36419,Azure HDInsight Apache Oozie Workflow Scheduler Elevation of Privilege Vulnerability,No,Exploitation Less Likely,No,Elevation of Privilege,Important,Azure,Microsoft
31,"Oct 10, 2023","Oct 11, 2023",CVE-2023-36420,https://msrc.microsoft.com//update-guide/vulnerability/CVE-2023-36420,Microsoft ODBC Driver for SQL Server Remote Code Execution Vulnerability,No,Exploitation Less Likely,No,Remote Code Execution,Important,SQL Server,Microsoft
32,"Oct 10, 2023","Oct 10, 2023",CVE-2023-36429,https://msrc.microsoft.com//update-guide/vulnerability/CVE-2023-36429,Microsoft Dynamics 365 (On-Premises) Information Disclosure Vulnerability,No,Exploitation Less Likely,No,Information Disclosure,Important,Microsoft Dynamics,Microsoft
33,"Oct 10, 2023","Oct 10, 2023",CVE-2023-36431,https://msrc.microsoft.com//update-guide/vulnerability/CVE-2023-36431,Microsoft Message Queuing Denial of Service Vulnerability,No,Exploitation Less Likely,No,Denial of Service,Important,Windows Message Queuing,Microsoft
34,"Oct 10, 2023","Oct 10, 2023",CVE-2023-36433,https://msrc.microsoft.com//update-guide/vulnerability/CVE-2023-36433,Microsoft Dynamics 365 (On-Premises) Information Disclosure Vulnerability,No,Exploitation Less Likely,No,Information Disclosure,Important,Microsoft Dynamics,Microsoft
35,"Oct 10, 2023","Oct 10, 2023",CVE-2023-36434,https://msrc.microsoft.com//update-guide/vulnerability/CVE-2023-36434,Windows IIS Server Elevation of Privilege Vulnerability,No,Exploitation Less Likely,No,Elevation of Privilege,Important,Windows IIS,Microsoft
36,"Oct 10, 2023","Oct 10, 2023",CVE-2023-36435,https://msrc.microsoft.com//update-guide/vulnerability/CVE-2023-36435,Microsoft QUIC Denial of Service Vulnerability,No,Exploitation Less Likely,No,Denial of Service,Important,Microsoft QUIC,Microsoft
37,"Oct 10, 2023","Oct 10, 2023",CVE-2023-36438,https://msrc.microsoft.com//update-guide/vulnerability/CVE-2023-36438,Windows TCP/IP Information Disclosure Vulnerability,No,Exploitation Less Likely,No,Information Disclosure,Important,Windows TCP/IP,Microsoft
38,"Oct 10, 2023","Oct 10, 2023",CVE-2023-36557,https://msrc.microsoft.com//update-guide/vulnerability/CVE-2023-36557,PrintHTML API Remote Code Execution Vulnerability,No,Exploitation Less Likely,No,Remote Code Execution,Important,Windows HTML Platform,Microsoft
39,"Oct 10, 2023","Oct 10, 2023",CVE-2023-36561,https://msrc.microsoft.com//update-guide/vulnerability/CVE-2023-36561,Azure DevOps Server Elevation of Privilege Vulnerability,No,Exploitation Less Likely,No,Elevation of Privilege,Important,Azure DevOps,Microsoft
40,"Oct 10, 2023","Oct 10, 2023",CVE-2023-36564,https://msrc.microsoft.com//update-guide/vulnerability/CVE-2023-36564,Windows Search Security Feature Bypass Vulnerability,No,Exploitation Less Likely,No,Security Feature Bypass,Important,Microsoft Windows Search Component,Microsoft
41,"Oct 10, 2023","Oct 10, 2023",CVE-2023-36567,https://msrc.microsoft.com//update-guide/vulnerability/CVE-2023-36567,Windows Deployment Services Information Disclosure Vulnerability,No,Exploitation Less Likely,No,Information Disclosure,Important,Windows Deployment Services,Microsoft
42,"Oct 10, 2023","Oct 10, 2023",CVE-2023-36568,https://msrc.microsoft.com//update-guide/vulnerability/CVE-2023-36568,Microsoft Office Click-To-Run Elevation of Privilege Vulnerability,No,Exploitation Less Likely,No,Elevation of Privilege,Important,Microsoft Office,Microsoft
43,"Oct 10, 2023","Oct 10, 2023",CVE-2023-36569,https://msrc.microsoft.com//update-guide/vulnerability/CVE-2023-36569,Microsoft Office Elevation of Privilege Vulnerability,No,Exploitation Less Likely,No,Elevation of Privilege,Important,Microsoft Office,Microsoft
44,"Oct 10, 2023","Oct 10, 2023",CVE-2023-36570,https://msrc.microsoft.com//update-guide/vulnerability/CVE-2023-36570,Microsoft Message Queuing Remote Code Execution Vulnerability,No,Exploitation Less Likely,No,Remote Code Execution,Important,Windows Message Queuing,Microsoft
45,"Oct 10, 2023","Oct 10, 2023",CVE-2023-36571,https://msrc.microsoft.com//update-guide/vulnerability/CVE-2023-36571,Microsoft Message Queuing Remote Code Execution Vulnerability,No,Exploitation Less Likely,No,Remote Code Execution,Important,Windows Message Queuing,Microsoft
46,"Oct 10, 2023","Oct 10, 2023",CVE-2023-36572,https://msrc.microsoft.com//update-guide/vulnerability/CVE-2023-36572,Microsoft Message Queuing Remote Code Execution Vulnerability,No,Exploitation Less Likely,No,Remote Code Execution,Important,Windows Message Queuing,Microsoft
47,"Oct 10, 2023","Oct 10, 2023",CVE-2023-36573,https://msrc.microsoft.com//update-guide/vulnerability/CVE-2023-36573,Microsoft Message Queuing Remote Code Execution Vulnerability,No,Exploitation Less Likely,No,Remote Code Execution,Important,Windows Message Queuing,Microsoft
48,"Oct 10, 2023","Oct 10, 2023",CVE-2023-36574,https://msrc.microsoft.com//update-guide/vulnerability/CVE-2023-36574,Microsoft Message Queuing Remote Code Execution Vulnerability,No,Exploitation Less Likely,No,Remote Code Execution,Important,Windows Message Queuing,Microsoft
49,"Oct 10, 2023","Oct 10, 2023",CVE-2023-36575,https://msrc.microsoft.com//update-guide/vulnerability/CVE-2023-36575,Microsoft Message Queuing Remote Code Execution Vulnerability,No,Exploitation Less Likely,No,Remote Code Execution,Important,Windows Message Queuing,Microsoft
50,"Oct 10, 2023","Oct 10, 2023",CVE-2023-36576,https://msrc.microsoft.com//update-guide/vulnerability/CVE-2023-36576,Windows Kernel Information Disclosure Vulnerability,No,Exploitation Less Likely,No,Information Disclosure,Important,Windows Kernel,Microsoft
51,"Oct 10, 2023","Oct 10, 2023",CVE-2023-36577,https://msrc.microsoft.com//update-guide/vulnerability/CVE-2023-36577,Microsoft WDAC OLE DB provider for SQL Server Remote Code Execution Vulnerability,No,Exploitation Less Likely,No,Remote Code Execution,Important,Microsoft WDAC OLE DB provider for SQL,Microsoft
52,"Oct 10, 2023","Oct 10, 2023",CVE-2023-36578,https://msrc.microsoft.com//update-guide/vulnerability/CVE-2023-36578,Microsoft Message Queuing Remote Code Execution Vulnerability,No,Exploitation Less Likely,No,Remote Code Execution,Important,Windows Message Queuing,Microsoft
53,"Oct 10, 2023","Oct 10, 2023",CVE-2023-36579,https://msrc.microsoft.com//update-guide/vulnerability/CVE-2023-36579,Microsoft Message Queuing Denial of Service Vulnerability,No,Exploitation Less Likely,No,Denial of Service,Important,Windows Message Queuing,Microsoft
54,"Oct 10, 2023","Oct 10, 2023",CVE-2023-36581,https://msrc.microsoft.com//update-guide/vulnerability/CVE-2023-36581,Microsoft Message Queuing Denial of Service Vulnerability,No,Exploitation Less Likely,No,Denial of Service,Important,Windows Message Queuing,Microsoft
55,"Oct 10, 2023","Oct 10, 2023",CVE-2023-36582,https://msrc.microsoft.com//update-guide/vulnerability/CVE-2023-36582,Microsoft Message Queuing Remote Code Execution Vulnerability,No,Exploitation Less Likely,No,Remote Code Execution,Important,Windows Message Queuing,Microsoft
56,"Oct 10, 2023","Oct 10, 2023",CVE-2023-36583,https://msrc.microsoft.com//update-guide/vulnerability/CVE-2023-36583,Microsoft Message Queuing Remote Code Execution Vulnerability,No,Exploitation Less Likely,No,Remote Code Execution,Important,Windows Message Queuing,Microsoft
57,"Oct 10, 2023","Oct 10, 2023",CVE-2023-36584,https://msrc.microsoft.com//update-guide/vulnerability/CVE-2023-36584,Windows Mark of the Web Security Feature Bypass Vulnerability,No,Exploitation Less Likely,No,Security Feature Bypass,Important,Windows Mark of the Web (MOTW),Microsoft
58,"Oct 10, 2023","Oct 10, 2023",CVE-2023-36585,https://msrc.microsoft.com//update-guide/vulnerability/CVE-2023-36585,Active Template Library Denial of Service Vulnerability,No,Exploitation Less Likely,No,Denial of Service,Important,Windows Active Template Library,Microsoft
59,"Oct 10, 2023","Oct 10, 2023",CVE-2023-36589,https://msrc.microsoft.com//update-guide/vulnerability/CVE-2023-36589,Microsoft Message Queuing Remote Code Execution Vulnerability,No,Exploitation Less Likely,No,Remote Code Execution,Important,Windows Message Queuing,Microsoft
60,"Oct 10, 2023","Oct 10, 2023",CVE-2023-36590,https://msrc.microsoft.com//update-guide/vulnerability/CVE-2023-36590,Microsoft Message Queuing Remote Code Execution Vulnerability,No,Exploitation Less Likely,No,Remote Code Execution,Important,Windows Message Queuing,Microsoft
61,"Oct 10, 2023","Oct 10, 2023",CVE-2023-36591,https://msrc.microsoft.com//update-guide/vulnerability/CVE-2023-36591,Microsoft Message Queuing Remote Code Execution Vulnerability,No,Exploitation Less Likely,No,Remote Code Execution,Important,Windows Message Queuing,Microsoft
62,"Oct 10, 2023","Oct 10, 2023",CVE-2023-36592,https://msrc.microsoft.com//update-guide/vulnerability/CVE-2023-36592,Microsoft Message Queuing Remote Code Execution Vulnerability,No,Exploitation Less Likely,No,Remote Code Execution,Important,Windows Message Queuing,Microsoft
63,"Oct 10, 2023","Oct 10, 2023",CVE-2023-36593,https://msrc.microsoft.com//update-guide/vulnerability/CVE-2023-36593,Microsoft Message Queuing Remote Code Execution Vulnerability,No,Exploitation Less Likely,No,Remote Code Execution,Important,Windows Message Queuing,Microsoft
64,"Oct 10, 2023","Oct 10, 2023",CVE-2023-36594,https://msrc.microsoft.com//update-guide/vulnerability/CVE-2023-36594,Windows Graphics Component Elevation of Privilege Vulnerability,No,Exploitation More Likely,No,Elevation of Privilege,Important,Microsoft Graphics Component,Microsoft
65,"Oct 10, 2023","Oct 10, 2023",CVE-2023-36596,https://msrc.microsoft.com//update-guide/vulnerability/CVE-2023-36596,Remote Procedure Call Information Disclosure Vulnerability,No,Exploitation Less Likely,No,Information Disclosure,Important,Windows Remote Procedure Call,Microsoft
66,"Oct 10, 2023","Oct 10, 2023",CVE-2023-36598,https://msrc.microsoft.com//update-guide/vulnerability/CVE-2023-36598,Microsoft WDAC ODBC Driver Remote Code Execution Vulnerability,No,Exploitation Less Likely,No,Remote Code Execution,Important,Microsoft WDAC ODBC Driver,Microsoft
67,"Oct 10, 2023","Oct 10, 2023",CVE-2023-36602,https://msrc.microsoft.com//update-guide/vulnerability/CVE-2023-36602,Windows TCP/IP Denial of Service Vulnerability,No,Exploitation Less Likely,No,Denial of Service,Important,Windows TCP/IP,Microsoft
68,"Oct 10, 2023","Oct 10, 2023",CVE-2023-36603,https://msrc.microsoft.com//update-guide/vulnerability/CVE-2023-36603,Windows TCP/IP Denial of Service Vulnerability,No,Exploitation Less Likely,No,Denial of Service,Important,Windows TCP/IP,Microsoft
69,"Oct 10, 2023","Oct 10, 2023",CVE-2023-36605,https://msrc.microsoft.com//update-guide/vulnerability/CVE-2023-36605,Windows Named Pipe Filesystem Elevation of Privilege Vulnerability,No,Exploitation Less Likely,No,Elevation of Privilege,Important,Windows Named Pipe File System,Microsoft
70,"Oct 10, 2023","Oct 10, 2023",CVE-2023-36606,https://msrc.microsoft.com//update-guide/vulnerability/CVE-2023-36606,Microsoft Message Queuing Denial of Service Vulnerability,No,Exploitation Less Likely,No,Denial of Service,Important,Windows Message Queuing,Microsoft
71,"Oct 10, 2023","Oct 17, 2023",CVE-2023-36697,https://msrc.microsoft.com//update-guide/vulnerability/CVE-2023-36697,Microsoft Message Queuing Remote Code Execution Vulnerability,No,Exploitation Less Likely,No,Remote Code Execution,Critical,Windows Message Queuing,Microsoft
72,"Oct 10, 2023","Oct 10, 2023",CVE-2023-36698,https://msrc.microsoft.com//update-guide/vulnerability/CVE-2023-36698,Windows Kernel Security Feature Bypass Vulnerability,No,Exploitation Less Likely,No,Security Feature Bypass,Important,Windows Kernel,Microsoft
73,"Oct 10, 2023","Oct 10, 2023",CVE-2023-36701,https://msrc.microsoft.com//update-guide/vulnerability/CVE-2023-36701,Microsoft Resilient File System (ReFS) Elevation of Privilege Vulnerability,No,Exploitation Less Likely,No,Elevation of Privilege,Important,Windows Resilient File System (ReFS),Microsoft
74,"Oct 10, 2023","Oct 10, 2023",CVE-2023-36702,https://msrc.microsoft.com//update-guide/vulnerability/CVE-2023-36702,Microsoft DirectMusic Remote Code Execution Vulnerability,No,Exploitation Less Likely,No,Remote Code Execution,Important,Windows Microsoft DirectMusic,Microsoft
75,"Oct 10, 2023","Oct 10, 2023",CVE-2023-36703,https://msrc.microsoft.com//update-guide/vulnerability/CVE-2023-36703,DHCP Server Service Denial of Service Vulnerability,No,Exploitation Less Likely,No,Denial of Service,Important,Windows DHCP Server,Microsoft
76,"Oct 10, 2023","Oct 10, 2023",CVE-2023-36704,https://msrc.microsoft.com//update-guide/vulnerability/CVE-2023-36704,Windows Setup Files Cleanup Remote Code Execution Vulnerability,No,Exploitation Less Likely,No,Remote Code Execution,Important,Windows Setup Files Cleanup,Microsoft
77,"Oct 10, 2023","Oct 10, 2023",CVE-2023-36706,https://msrc.microsoft.com//update-guide/vulnerability/CVE-2023-36706,Windows Deployment Services Information Disclosure Vulnerability,No,Exploitation Less Likely,No,Information Disclosure,Important,Windows Deployment Services,Microsoft
78,"Oct 10, 2023","Oct 10, 2023",CVE-2023-36707,https://msrc.microsoft.com//update-guide/vulnerability/CVE-2023-36707,Windows Deployment Services Denial of Service Vulnerability,No,Exploitation Less Likely,No,Denial of Service,Important,Windows Deployment Services,Microsoft
79,"Oct 10, 2023","Oct 10, 2023",CVE-2023-36709,https://msrc.microsoft.com//update-guide/vulnerability/CVE-2023-36709,Microsoft AllJoyn API Denial of Service Vulnerability,No,Exploitation Less Likely,No,Denial of Service,Important,Windows AllJoyn API,Microsoft
80,"Oct 10, 2023","Oct 10, 2023",CVE-2023-36710,https://msrc.microsoft.com//update-guide/vulnerability/CVE-2023-36710,Windows Media Foundation Core Remote Code Execution Vulnerability,No,Exploitation Less Likely,No,Remote Code Execution,Important,Microsoft Windows Media Foundation,Microsoft
81,"Oct 10, 2023","Oct 10, 2023",CVE-2023-36711,https://msrc.microsoft.com//update-guide/vulnerability/CVE-2023-36711,Windows Runtime C++ Template Library Elevation of Privilege Vulnerability,No,Exploitation Less Likely,No,Elevation of Privilege,Important,Windows Runtime C++ Template Library,Microsoft
82,"Oct 10, 2023","Oct 10, 2023",CVE-2023-36712,https://msrc.microsoft.com//update-guide/vulnerability/CVE-2023-36712,Windows Kernel Elevation of Privilege Vulnerability,No,Exploitation Less Likely,No,Elevation of Privilege,Important,Windows Kernel,Microsoft
83,"Oct 10, 2023","Oct 10, 2023",CVE-2023-36713,https://msrc.microsoft.com//update-guide/vulnerability/CVE-2023-36713,Windows Common Log File System Driver Information Disclosure Vulnerability,No,Exploitation More Likely,No,Information Disclosure,Important,Windows Common Log File System Driver,Microsoft
84,"Oct 10, 2023","Oct 10, 2023",CVE-2023-36717,https://msrc.microsoft.com//update-guide/vulnerability/CVE-2023-36717,Windows Virtual Trusted Platform Module Denial of Service Vulnerability,No,Exploitation Less Likely,No,Denial of Service,Important,Windows TPM,Microsoft
85,"Oct 10, 2023","Oct 10, 2023",CVE-2023-36718,https://msrc.microsoft.com//update-guide/vulnerability/CVE-2023-36718,Microsoft Virtual Trusted Platform Module Remote Code Execution Vulnerability,No,Exploitation Less Likely,No,Remote Code Execution,Critical,Windows Virtual Trusted Platform Module,Microsoft
86,"Oct 10, 2023","Oct 10, 2023",CVE-2023-36720,https://msrc.microsoft.com//update-guide/vulnerability/CVE-2023-36720,Windows Mixed Reality Developer Tools Denial of Service Vulnerability,No,Exploitation Less Likely,No,Denial of Service,Important,Windows Mixed Reality Developer Tools,Microsoft
87,"Oct 10, 2023","Oct 10, 2023",CVE-2023-36721,https://msrc.microsoft.com//update-guide/vulnerability/CVE-2023-36721,Windows Error Reporting Service Elevation of Privilege Vulnerability,No,Exploitation Less Likely,No,Elevation of Privilege,Important,Windows Error Reporting,Microsoft
88,"Oct 10, 2023","Oct 10, 2023",CVE-2023-36722,https://msrc.microsoft.com//update-guide/vulnerability/CVE-2023-36722,Active Directory Domain Services Information Disclosure Vulnerability,No,Exploitation Less Likely,No,Information Disclosure,Important,Active Directory Domain Services,Microsoft
89,"Oct 10, 2023","Oct 10, 2023",CVE-2023-36723,https://msrc.microsoft.com//update-guide/vulnerability/CVE-2023-36723,Windows Container Manager Service Elevation of Privilege Vulnerability,No,Exploitation Less Likely,No,Elevation of Privilege,Important,Windows Container Manager Service,Microsoft
90,"Oct 10, 2023","Oct 10, 2023",CVE-2023-36724,https://msrc.microsoft.com//update-guide/vulnerability/CVE-2023-36724,Windows Power Management Service Information Disclosure Vulnerability,No,Exploitation Less Likely,No,Information Disclosure,Important,Windows Power Management Service,Microsoft
91,"Oct 10, 2023","Oct 10, 2023",CVE-2023-36725,https://msrc.microsoft.com//update-guide/vulnerability/CVE-2023-36725,Windows Kernel Elevation of Privilege Vulnerability,No,Exploitation Less Likely,No,Elevation of Privilege,Important,Windows NT OS Kernel,Microsoft
92,"Oct 10, 2023","Oct 10, 2023",CVE-2023-36726,https://msrc.microsoft.com//update-guide/vulnerability/CVE-2023-36726,Windows Internet Key Exchange (IKE) Extension Elevation of Privilege  Vulnerability,No,Exploitation Less Likely,No,Elevation of Privilege,Important,Windows IKE Extension,Microsoft
93,"Oct 10, 2023","Oct 11, 2023",CVE-2023-36728,https://msrc.microsoft.com//update-guide/vulnerability/CVE-2023-36728,Microsoft SQL Server Denial of Service Vulnerability,No,Exploitation Less Likely,No,Denial of Service,Important,SQL Server,Microsoft
94,"Oct 10, 2023","Oct 10, 2023",CVE-2023-36729,https://msrc.microsoft.com//update-guide/vulnerability/CVE-2023-36729,Named Pipe File System Elevation of Privilege Vulnerability,No,Exploitation Less Likely,No,Elevation of Privilege,Important,Windows Named Pipe File System,Microsoft
95,"Oct 10, 2023","Oct 11, 2023",CVE-2023-36730,https://msrc.microsoft.com//update-guide/vulnerability/CVE-2023-36730,Microsoft ODBC Driver for SQL Server Remote Code Execution Vulnerability,No,Exploitation Less Likely,No,Remote Code Execution,Important,SQL Server,Microsoft
96,"Oct 10, 2023","Oct 10, 2023",CVE-2023-36731,https://msrc.microsoft.com//update-guide/vulnerability/CVE-2023-36731,Win32k Elevation of Privilege Vulnerability,No,Exploitation More Likely,No,Elevation of Privilege,Important,Windows Win32K,Microsoft
97,"Oct 10, 2023","Oct 10, 2023",CVE-2023-36732,https://msrc.microsoft.com//update-guide/vulnerability/CVE-2023-36732,Win32k Elevation of Privilege Vulnerability,No,Exploitation More Likely,No,Elevation of Privilege,Important,Windows Win32K,Microsoft
98,"Oct 10, 2023","Oct 10, 2023",CVE-2023-41774,https://msrc.microsoft.com//update-guide/vulnerability/CVE-2023-41774,Layer 2 Tunneling Protocol Remote Code Execution Vulnerability,No,Exploitation Less Likely,No,Remote Code Execution,Critical,Windows Layer 2 Tunneling Protocol,Microsoft
99,"Oct 10, 2023","Oct 10, 2023",CVE-2023-41773,https://msrc.microsoft.com//update-guide/vulnerability/CVE-2023-41773,Layer 2 Tunneling Protocol Remote Code Execution Vulnerability,No,Exploitation Less Likely,No,Remote Code Execution,Critical,Windows Layer 2 Tunneling Protocol,Microsoft
100,"Oct 10, 2023","Oct 10, 2023",CVE-2023-41772,https://msrc.microsoft.com//update-guide/vulnerability/CVE-2023-41772,Win32k Elevation of Privilege Vulnerability,No,Exploitation More Likely,No,Elevation of Privilege,Important,Windows Win32K,Microsoft
101,"Oct 10, 2023","Oct 10, 2023",CVE-2023-41771,https://msrc.microsoft.com//update-guide/vulnerability/CVE-2023-41771,Layer 2 Tunneling Protocol Remote Code Execution Vulnerability,No,Exploitation Less Likely,No,Remote Code Execution,Critical,Windows Layer 2 Tunneling Protocol,Microsoft
102,"Oct 10, 2023","Oct 10, 2023",CVE-2023-41770,https://msrc.microsoft.com//update-guide/vulnerability/CVE-2023-41770,Layer 2 Tunneling Protocol Remote Code Execution Vulnerability,No,Exploitation Less Likely,No,Remote Code Execution,Critical,Windows Layer 2 Tunneling Protocol,Microsoft
103,"Oct 10, 2023","Oct 10, 2023",CVE-2023-41769,https://msrc.microsoft.com//update-guide/vulnerability/CVE-2023-41769,Layer 2 Tunneling Protocol Remote Code Execution Vulnerability,No,Exploitation Less Likely,No,Remote Code Execution,Critical,Windows Layer 2 Tunneling Protocol,Microsoft
104,"Oct 10, 2023","Oct 10, 2023",CVE-2023-41768,https://msrc.microsoft.com//update-guide/vulnerability/CVE-2023-41768,Layer 2 Tunneling Protocol Remote Code Execution Vulnerability,No,Exploitation Less Likely,No,Remote Code Execution,Critical,Windows Layer 2 Tunneling Protocol,Microsoft
105,"Oct 10, 2023","Oct 10, 2023",CVE-2023-41767,https://msrc.microsoft.com//update-guide/vulnerability/CVE-2023-41767,Layer 2 Tunneling Protocol Remote Code Execution Vulnerability,No,Exploitation Less Likely,No,Remote Code Execution,Critical,Windows Layer 2 Tunneling Protocol,Microsoft
106,"Oct 10, 2023","Oct 10, 2023",CVE-2023-41766,https://msrc.microsoft.com//update-guide/vulnerability/CVE-2023-41766,Windows Client Server Run-time Subsystem (CSRSS) Elevation of Privilege Vulnerability,No,Exploitation Less Likely,No,Elevation of Privilege,Important,Client Server Run-time Subsystem (CSRSS),Microsoft
107,"Oct 10, 2023","Oct 16, 2023",CVE-2023-41765,https://msrc.microsoft.com//update-guide/vulnerability/CVE-2023-41765,Layer 2 Tunneling Protocol Remote Code Execution Vulnerability,No,Exploitation Less Likely,No,Remote Code Execution,Critical,Windows Layer 2 Tunneling Protocol,Microsoft
108,"Oct 10, 2023","Oct 10, 2023",CVE-2023-36737,https://msrc.microsoft.com//update-guide/vulnerability/CVE-2023-36737,Azure Network Watcher VM Agent Elevation of Privilege Vulnerability,No,Exploitation Less Likely,No,Elevation of Privilege,Important,Azure,Microsoft
109,"Oct 10, 2023","Oct 10, 2023",CVE-2023-38171,https://msrc.microsoft.com//update-guide/vulnerability/CVE-2023-38171,Microsoft QUIC Denial of Service Vulnerability,No,Exploitation Less Likely,No,Denial of Service,Important,Microsoft QUIC,Microsoft
110,"Oct 10, 2023","Oct 10, 2023",CVE-2023-36902,https://msrc.microsoft.com//update-guide/vulnerability/CVE-2023-36902,Windows Runtime Remote Code Execution Vulnerability,No,Exploitation Less Likely,No,Remote Code Execution,Important,Windows Client/Server Runtime Subsystem,Microsoft
111,"Oct 10, 2023","Oct 10, 2023",CVE-2023-35349,https://msrc.microsoft.com//update-guide/vulnerability/CVE-2023-35349,Microsoft Message Queuing Remote Code Execution Vulnerability,No,Exploitation Less Likely,No,Remote Code Execution,Critical,Windows Message Queuing,Microsoft
112,"Sep 15, 2023","Sep 15, 2023",CVE-2023-36562,https://msrc.microsoft.com//update-guide/vulnerability/CVE-2023-36562,Microsoft Edge (Chromium-based) Elevation of Privilege Vulnerability,No,Exploitation Less Likely,No,Elevation of Privilege,Moderate,Microsoft Edge (Chromium-based),Microsoft
113,"Sep 15, 2023","Sep 15, 2023",CVE-2023-36727,https://msrc.microsoft.com//update-guide/vulnerability/CVE-2023-36727,Microsoft Edge (Chromium-based) Spoofing Vulnerability,No,Exploitation Less Likely,No,Spoofing,Important,Microsoft Edge (Chromium-based),Microsoft
114,"Sep 15, 2023","Sep 15, 2023",CVE-2023-36735,https://msrc.microsoft.com//update-guide/vulnerability/CVE-2023-36735,Microsoft Edge (Chromium-based) Elevation of Privilege Vulnerability,No,Exploitation Less Likely,No,Elevation of Privilege,Moderate,Microsoft Edge (Chromium-based),Microsoft
115,"Sep 12, 2023","Sep 12, 2023",CVE-2023-36739,https://msrc.microsoft.com//update-guide/vulnerability/CVE-2023-36739,3D Viewer Remote Code Execution Vulnerability,No,Exploitation Unlikely,No,Remote Code Execution,Important,3D Viewer,Microsoft
116,"Sep 12, 2023","Sep 12, 2023",CVE-2023-36740,https://msrc.microsoft.com//update-guide/vulnerability/CVE-2023-36740,3D Viewer Remote Code Execution Vulnerability,No,Exploitation Unlikely,No,Remote Code Execution,Important,3D Viewer,Microsoft
117,"Sep 12, 2023","Sep 12, 2023",CVE-2023-39956,https://msrc.microsoft.com//update-guide/vulnerability/CVE-2023-39956,Electron: CVE-2023-39956 -Visual Studio Code Remote Code Execution Vulnerability,No,Exploitation Less Likely,No,Remote Code Execution,Important,Visual Studio Code,Electron
118,"Sep 12, 2023","Sep 12, 2023",CVE-2023-36760,https://msrc.microsoft.com//update-guide/vulnerability/CVE-2023-36760,3D Viewer Remote Code Execution Vulnerability,No,Exploitation Less Likely,No,Remote Code Execution,Important,3D Viewer,Microsoft
119,"Sep 12, 2023","Sep 12, 2023",CVE-2023-36762,https://msrc.microsoft.com//update-guide/vulnerability/CVE-2023-36762,Microsoft Word Remote Code Execution Vulnerability,No,Exploitation Unlikely,No,Remote Code Execution,Important,Microsoft Office Word,Microsoft
120,"Sep 12, 2023","Sep 12, 2023",CVE-2023-36763,https://msrc.microsoft.com//update-guide/vulnerability/CVE-2023-36763,Microsoft Outlook Information Disclosure Vulnerability,No,Exploitation Less Likely,No,Information Disclosure,Important,Microsoft Office Outlook,Microsoft
121,"Sep 12, 2023","Sep 12, 2023",CVE-2023-36764,https://msrc.microsoft.com//update-guide/vulnerability/CVE-2023-36764,Microsoft SharePoint Server Elevation of Privilege Vulnerability,No,Exploitation Less Likely,No,Elevation of Privilege,Important,Microsoft Office SharePoint,Microsoft
122,"Sep 12, 2023","Sep 12, 2023",CVE-2023-36770,https://msrc.microsoft.com//update-guide/vulnerability/CVE-2023-36770,3D Builder Remote Code Execution Vulnerability,No,Exploitation Less Likely,No,Remote Code Execution,Important,3D Builder,Microsoft
123,"Sep 12, 2023","Sep 12, 2023",CVE-2023-36771,https://msrc.microsoft.com//update-guide/vulnerability/CVE-2023-36771,3D Builder Remote Code Execution Vulnerability,No,Exploitation Less Likely,No,Remote Code Execution,Important,3D Builder,Microsoft
124,"Sep 12, 2023","Sep 12, 2023",CVE-2023-36772,https://msrc.microsoft.com//update-guide/vulnerability/CVE-2023-36772,3D Builder Remote Code Execution Vulnerability,No,Exploitation Less Likely,No,Remote Code Execution,Important,3D Builder,Microsoft
125,"Sep 12, 2023","Sep 12, 2023",CVE-2023-36773,https://msrc.microsoft.com//update-guide/vulnerability/CVE-2023-36773,3D Builder Remote Code Execution Vulnerability,No,Exploitation Less Likely,No,Remote Code Execution,Important,3D Builder,Microsoft
126,"Sep 12, 2023","Sep 12, 2023",CVE-2023-36777,https://msrc.microsoft.com//update-guide/vulnerability/CVE-2023-36777,Microsoft Exchange Server Information Disclosure Vulnerability,No,Exploitation More Likely,No,Information Disclosure,Important,Microsoft Exchange Server,Microsoft
127,"Sep 12, 2023","Sep 26, 2023",CVE-2023-36788,https://msrc.microsoft.com//update-guide/vulnerability/CVE-2023-36788,.NET Framework Remote Code Execution Vulnerability,No,Exploitation Less Likely,No,Remote Code Execution,Important,.NET Framework,Microsoft
128,"Sep 12, 2023","Oct 10, 2023",CVE-2023-36792,https://msrc.microsoft.com//update-guide/vulnerability/CVE-2023-36792,Visual Studio Remote Code Execution Vulnerability,No,Exploitation Less Likely,No,Remote Code Execution,Critical,.NET and Visual Studio,Microsoft
129,"Sep 12, 2023","Oct 10, 2023",CVE-2023-36793,https://msrc.microsoft.com//update-guide/vulnerability/CVE-2023-36793,Visual Studio Remote Code Execution Vulnerability,No,Exploitation Less Likely,No,Remote Code Execution,Critical,.NET and Visual Studio,Microsoft
130,"Sep 12, 2023","Oct 10, 2023",CVE-2023-36794,https://msrc.microsoft.com//update-guide/vulnerability/CVE-2023-36794,Visual Studio Remote Code Execution Vulnerability,No,,No,Remote Code Execution,Important,.NET and Visual Studio,Microsoft
131,"Sep 12, 2023","Oct 10, 2023",CVE-2023-36796,https://msrc.microsoft.com//update-guide/vulnerability/CVE-2023-36796,Visual Studio Remote Code Execution Vulnerability,No,Exploitation Less Likely,No,Remote Code Execution,Critical,.NET and Visual Studio,Microsoft
132,"Sep 12, 2023","Sep 19, 2023",CVE-2023-36799,https://msrc.microsoft.com//update-guide/vulnerability/CVE-2023-36799,.NET Core and Visual Studio Denial of Service Vulnerability,No,Exploitation Less Likely,No,Denial of Service,Important,.NET Core & Visual Studio,Microsoft
133,"Sep 12, 2023","Sep 13, 2023",CVE-2023-36800,https://msrc.microsoft.com//update-guide/vulnerability/CVE-2023-36800,Dynamics Finance and Operations Cross-site Scripting Vulnerability,No,Exploitation Less Likely,No,Spoofing,Important,Microsoft Dynamics Finance & Operations,Microsoft
134,"Sep 12, 2023","Sep 12, 2023",CVE-2023-38155,https://msrc.microsoft.com//update-guide/vulnerability/CVE-2023-38155,Azure DevOps Server Remote Code Execution Vulnerability,No,Exploitation Less Likely,No,Elevation of Privilege,Important,Azure DevOps,Microsoft
135,"Sep 12, 2023","Sep 12, 2023",CVE-2023-38160,https://msrc.microsoft.com//update-guide/vulnerability/CVE-2023-38160,Windows TCP/IP Information Disclosure Vulnerability,No,Exploitation More Likely,No,Information Disclosure,Important,Windows TCP/IP,Microsoft
136,"Sep 12, 2023","Sep 12, 2023",CVE-2023-38163,https://msrc.microsoft.com//update-guide/vulnerability/CVE-2023-38163,Windows Defender Attack Surface Reduction Security Feature Bypass,No,Exploitation Less Likely,No,Security Feature Bypass,Important,Windows Defender,Microsoft
137,"Sep 12, 2023","Sep 12, 2023",CVE-2023-38164,https://msrc.microsoft.com//update-guide/vulnerability/CVE-2023-38164,Microsoft Dynamics 365 (on-premises) Cross-site Scripting Vulnerability,No,Exploitation Less Likely,No,Spoofing,Important,Microsoft Dynamics,Microsoft
138,"Sep 12, 2023","Sep 12, 2023",CVE-2023-36886,https://msrc.microsoft.com//update-guide/vulnerability/CVE-2023-36886,Microsoft Dynamics 365 (on-premises) Cross-site Scripting Vulnerability,No,Exploitation Less Likely,No,Spoofing,Important,Microsoft Dynamics,Microsoft
139,"Sep 12, 2023","Sep 12, 2023",CVE-2023-33136,https://msrc.microsoft.com//update-guide/vulnerability/CVE-2023-33136,Azure DevOps Server Remote Code Execution Vulnerability,No,Exploitation Less Likely,No,Remote Code Execution,Important,Azure DevOps,Microsoft
140,"Sep 12, 2023","Sep 14, 2023",CVE-2023-29332,https://msrc.microsoft.com//update-guide/vulnerability/CVE-2023-29332,Microsoft Azure Kubernetes Service Elevation of Privilege Vulnerability,No,Exploitation Less Likely,No,Elevation of Privilege,Critical,Microsoft Azure Kubernetes Service,Microsoft
141,"Sep 12, 2023","Sep 12, 2023",CVE-2022-41303,https://msrc.microsoft.com//update-guide/vulnerability/CVE-2022-41303,AutoDesk: CVE-2022-41303 use-after-free vulnerability in Autodesk® FBX® SDK 2020 or prior,No,Exploitation Less Likely,No,Remote Code Execution,Important,3D Viewer,Autodesk
142,"Sep 12, 2023","Sep 12, 2023",CVE-2023-41764,https://msrc.microsoft.com//update-guide/vulnerability/CVE-2023-41764,Microsoft Office Spoofing Vulnerability,No,Exploitation Less Likely,No,Spoofing,Moderate,Microsoft Office,Microsoft
143,"Sep 12, 2023","Sep 14, 2023",CVE-2023-36736,https://msrc.microsoft.com//update-guide/vulnerability/CVE-2023-36736,Microsoft Identity Linux Broker Remote Code Execution Vulnerability,No,Exploitation Less Likely,No,Remote Code Execution,Important,Microsoft Identity Linux Broker,Microsoft
144,"Sep 12, 2023","Sep 12, 2023",CVE-2023-36742,https://msrc.microsoft.com//update-guide/vulnerability/CVE-2023-36742,Visual Studio Code Remote Code Execution Vulnerability,No,Exploitation Less Likely,No,Remote Code Execution,Important,Visual Studio Code,Microsoft
145,"Sep 12, 2023","Sep 12, 2023",CVE-2023-36744,https://msrc.microsoft.com//update-guide/vulnerability/CVE-2023-36744,Microsoft Exchange Server Remote Code Execution Vulnerability,No,Exploitation More Likely,No,Remote Code Execution,Important,Microsoft Exchange Server,Microsoft
146,"Sep 12, 2023","Sep 12, 2023",CVE-2023-36745,https://msrc.microsoft.com//update-guide/vulnerability/CVE-2023-36745,Microsoft Exchange Server Remote Code Execution Vulnerability,No,Exploitation More Likely,No,Remote Code Execution,Important,Microsoft Exchange Server,Microsoft
147,"Sep 12, 2023","Sep 12, 2023",CVE-2023-36756,https://msrc.microsoft.com//update-guide/vulnerability/CVE-2023-36756,Microsoft Exchange Server Remote Code Execution Vulnerability,No,Exploitation More Likely,No,Remote Code Execution,Important,Microsoft Exchange Server,Microsoft
148,"Sep 12, 2023","Sep 12, 2023",CVE-2023-36757,https://msrc.microsoft.com//update-guide/vulnerability/CVE-2023-36757,Microsoft Exchange Server Spoofing Vulnerability,No,Exploitation Less Likely,No,Spoofing,Important,Microsoft Exchange Server,Microsoft
149,"Sep 12, 2023","Sep 12, 2023",CVE-2023-36758,https://msrc.microsoft.com//update-guide/vulnerability/CVE-2023-36758,Visual Studio Elevation of Privilege Vulnerability,No,Exploitation Less Likely,No,Elevation of Privilege,Important,Visual Studio,Microsoft
150,"Sep 12, 2023","Sep 12, 2023",CVE-2023-36759,https://msrc.microsoft.com//update-guide/vulnerability/CVE-2023-36759,Visual Studio Elevation of Privilege Vulnerability,No,Exploitation Less Likely,No,Elevation of Privilege,Important,Visual Studio,Microsoft
151,"Sep 12, 2023","Sep 12, 2023",CVE-2023-36765,https://msrc.microsoft.com//update-guide/vulnerability/CVE-2023-36765,Microsoft Office Elevation of Privilege Vulnerability,No,Exploitation Less Likely,No,Elevation of Privilege,Important,Microsoft Office,Microsoft
152,"Sep 12, 2023","Sep 12, 2023",CVE-2023-36766,https://msrc.microsoft.com//update-guide/vulnerability/CVE-2023-36766,Microsoft Excel Information Disclosure Vulnerability,No,Exploitation Less Likely,No,Information Disclosure,Important,Microsoft Office Excel,Microsoft
153,"Sep 12, 2023","Sep 12, 2023",CVE-2023-36767,https://msrc.microsoft.com//update-guide/vulnerability/CVE-2023-36767,Microsoft Office Security Feature Bypass Vulnerability,No,Exploitation Less Likely,No,Security Feature Bypass,Important,Microsoft Office,Microsoft
154,"Sep 12, 2023","Sep 12, 2023",CVE-2023-36801,https://msrc.microsoft.com//update-guide/vulnerability/CVE-2023-36801,DHCP Server Service Information Disclosure Vulnerability,No,Exploitation Less Likely,No,Information Disclosure,Important,Windows DHCP Server,Microsoft
155,"Sep 12, 2023","Sep 12, 2023",CVE-2023-36803,https://msrc.microsoft.com//update-guide/vulnerability/CVE-2023-36803,Windows Kernel Information Disclosure Vulnerability,No,Exploitation Less Likely,No,Information Disclosure,Important,Windows Kernel,Microsoft
156,"Sep 12, 2023","Sep 12, 2023",CVE-2023-36804,https://msrc.microsoft.com//update-guide/vulnerability/CVE-2023-36804,Windows GDI Elevation of Privilege Vulnerability,No,Exploitation More Likely,No,Elevation of Privilege,Important,Windows GDI,Microsoft
157,"Sep 12, 2023","Sep 22, 2023",CVE-2023-36805,https://msrc.microsoft.com//update-guide/vulnerability/CVE-2023-36805,Windows MSHTML Platform Security Feature Bypass Vulnerability,No,Exploitation Less Likely,No,Remote Code Execution,Important,Windows Scripting,Microsoft
158,"Sep 12, 2023","Sep 12, 2023",CVE-2023-38139,https://msrc.microsoft.com//update-guide/vulnerability/CVE-2023-38139,Windows Kernel Elevation of Privilege Vulnerability,No,Exploitation Less Likely,No,Elevation of Privilege,Important,Windows Kernel,Microsoft
159,"Sep 12, 2023","Sep 12, 2023",CVE-2023-38140,https://msrc.microsoft.com//update-guide/vulnerability/CVE-2023-38140,Windows Kernel Information Disclosure Vulnerability,No,Exploitation Less Likely,No,Information Disclosure,Important,Windows Kernel,Microsoft
160,"Sep 12, 2023","Sep 12, 2023",CVE-2023-38141,https://msrc.microsoft.com//update-guide/vulnerability/CVE-2023-38141,Windows Kernel Elevation of Privilege Vulnerability,No,Exploitation Less Likely,No,Elevation of Privilege,Important,Windows Kernel,Microsoft
161,"Sep 12, 2023","Sep 12, 2023",CVE-2023-38142,https://msrc.microsoft.com//update-guide/vulnerability/CVE-2023-38142,Windows Kernel Elevation of Privilege Vulnerability,No,Exploitation More Likely,No,Elevation of Privilege,Important,Windows Kernel,Microsoft
162,"Sep 12, 2023","Sep 12, 2023",CVE-2023-38143,https://msrc.microsoft.com//update-guide/vulnerability/CVE-2023-38143,Windows Common Log File System Driver Elevation of Privilege Vulnerability,No,Exploitation More Likely,No,Elevation of Privilege,Important,Windows Common Log File System Driver,Microsoft
163,"Sep 12, 2023","Sep 12, 2023",CVE-2023-38144,https://msrc.microsoft.com//update-guide/vulnerability/CVE-2023-38144,Windows Common Log File System Driver Elevation of Privilege Vulnerability,No,Exploitation More Likely,No,Elevation of Privilege,Important,Windows Common Log File System Driver,Microsoft
164,"Sep 12, 2023","Sep 12, 2023",CVE-2023-38146,https://msrc.microsoft.com//update-guide/vulnerability/CVE-2023-38146,Windows Themes Remote Code Execution Vulnerability,No,Exploitation Less Likely,No,Remote Code Execution,Important,Windows Themes,Microsoft
165,"Sep 12, 2023","Sep 12, 2023",CVE-2023-38147,https://msrc.microsoft.com//update-guide/vulnerability/CVE-2023-38147,Windows Miracast Wireless Display Remote Code Execution Vulnerability,No,Exploitation Less Likely,No,Remote Code Execution,Important,Microsoft Windows Codecs Library,Microsoft
166,"Sep 12, 2023","Sep 28, 2023",CVE-2023-38148,https://msrc.microsoft.com//update-guide/vulnerability/CVE-2023-38148,Internet Connection Sharing (ICS) Remote Code Execution Vulnerability,No,Exploitation More Likely,No,Remote Code Execution,Critical,Windows Internet Connection Sharing (ICS),Microsoft
167,"Sep 12, 2023","Sep 12, 2023",CVE-2023-38149,https://msrc.microsoft.com//update-guide/vulnerability/CVE-2023-38149,Windows TCP/IP Denial of Service Vulnerability,No,Exploitation Less Likely,No,Denial of Service,Important,Windows TCP/IP,Microsoft
168,"Sep 12, 2023","Sep 12, 2023",CVE-2023-38150,https://msrc.microsoft.com//update-guide/vulnerability/CVE-2023-38150,Windows Kernel Elevation of Privilege Vulnerability,No,Exploitation Less Likely,No,Elevation of Privilege,Important,Windows Kernel,Microsoft
169,"Sep 12, 2023","Sep 12, 2023",CVE-2023-38152,https://msrc.microsoft.com//update-guide/vulnerability/CVE-2023-38152,DHCP Server Service Information Disclosure Vulnerability,No,Exploitation More Likely,No,Information Disclosure,Important,Windows DHCP Server,Microsoft
170,"Sep 12, 2023","Sep 13, 2023",CVE-2023-38156,https://msrc.microsoft.com//update-guide/vulnerability/CVE-2023-38156,Azure HDInsight Apache Ambari Elevation of Privilege Vulnerability,No,Exploitation Less Likely,No,Elevation of Privilege,Important,Azure HDInsights,Microsoft
171,"Sep 12, 2023","Sep 12, 2023",CVE-2023-38161,https://msrc.microsoft.com//update-guide/vulnerability/CVE-2023-38161,Windows GDI Elevation of Privilege Vulnerability,No,Exploitation More Likely,No,Elevation of Privilege,Important,Windows GDI,Microsoft
172,"Sep 12, 2023","Sep 12, 2023",CVE-2023-38162,https://msrc.microsoft.com//update-guide/vulnerability/CVE-2023-38162,DHCP Server Service Denial of Service Vulnerability,No,Exploitation Less Likely,No,Denial of Service,Important,Windows DHCP Server,Microsoft
173,"Sep 12, 2023","Sep 12, 2023",CVE-2023-35355,https://msrc.microsoft.com//update-guide/vulnerability/CVE-2023-35355,Windows Cloud Files Mini Filter Driver Elevation of Privilege Vulnerability,No,Exploitation Less Likely,No,Elevation of Privilege,Important,Windows Cloud Files Mini Filter Driver,Microsoft
174,"Aug 8, 2023","Sep 4, 2023",CVE-2023-36895,https://msrc.microsoft.com//update-guide/vulnerability/CVE-2023-36895,Microsoft Outlook Remote Code Execution Vulnerability,No,Exploitation Less Likely,No,Remote Code Execution,Critical,Microsoft Office Outlook,Microsoft
175,"Aug 8, 2023","Oct 10, 2023",CVE-2023-21709,https://msrc.microsoft.com//update-guide/vulnerability/CVE-2023-21709,Microsoft Exchange Server Elevation of Privilege Vulnerability,No,Exploitation Less Likely,No,Elevation of Privilege,Important,Microsoft Exchange Server,Microsoft
176,"Aug 8, 2023","Sep 18, 2023",CVE-2023-36898,https://msrc.microsoft.com//update-guide/vulnerability/CVE-2023-36898,Tablet Windows User Interface Application Core Remote Code Execution Vulnerability,No,Exploitation Less Likely,No,Remote Code Execution,Important,Tablet Windows User Interface,Microsoft
177,"Aug 8, 2023","Sep 18, 2023",CVE-2023-36876,https://msrc.microsoft.com//update-guide/vulnerability/CVE-2023-36876,Reliability Analysis Metrics Calculation (RacTask) Elevation of Privilege Vulnerability,No,Exploitation Less Likely,No,Elevation of Privilege,Important,Reliability Analysis Metrics Calculation Engine,Microsoft
178,"Jul 11, 2023","Sep 12, 2023",CVE-2023-32051,https://msrc.microsoft.com//update-guide/vulnerability/CVE-2023-32051,Raw Image Extension Remote Code Execution Vulnerability,No,Exploitation Less Likely,No,Remote Code Execution,Important,Microsoft Windows Codecs Library,Microsoft
179,"Jun 15, 2023","Oct 11, 2023",CVE-2023-29349,https://msrc.microsoft.com//update-guide/vulnerability/CVE-2023-29349,Microsoft ODBC and OLE DB Remote Code Execution Vulnerability,No,Exploitation Less Likely,No,Remote Code Execution,Important,SQL Server,Microsoft
180,"Jun 15, 2023","Oct 11, 2023",CVE-2023-32028,https://msrc.microsoft.com//update-guide/vulnerability/CVE-2023-32028,Microsoft SQL OLE DB Remote Code Execution Vulnerability,No,Exploitation Less Likely,No,Remote Code Execution,Important,SQL Server,Microsoft
181,"Jun 15, 2023","Oct 11, 2023",CVE-2023-32027,https://msrc.microsoft.com//update-guide/vulnerability/CVE-2023-32027,Microsoft ODBC Driver for SQL Server Remote Code Execution Vulnerability,No,Exploitation Less Likely,No,Remote Code Execution,Important,SQL Server,Microsoft
182,"Jun 15, 2023","Oct 11, 2023",CVE-2023-32026,https://msrc.microsoft.com//update-guide/vulnerability/CVE-2023-32026,Microsoft ODBC Driver for SQL Server Remote Code Execution Vulnerability,No,Exploitation Less Likely,No,Remote Code Execution,Important,SQL Server,Microsoft
183,"Jun 15, 2023","Oct 11, 2023",CVE-2023-32025,https://msrc.microsoft.com//update-guide/vulnerability/CVE-2023-32025,Microsoft ODBC Driver for SQL Server Remote Code Execution Vulnerability,No,Exploitation Less Likely,No,Remote Code Execution,Important,SQL Server,Microsoft
184,"Jun 15, 2023","Oct 11, 2023",CVE-2023-29356,https://msrc.microsoft.com//update-guide/vulnerability/CVE-2023-29356,Microsoft ODBC Driver for SQL Server Remote Code Execution Vulnerability,No,Exploitation Less Likely,No,Remote Code Execution,Important,SQL Server,Microsoft
185,"Jun 13, 2023","Sep 14, 2023",CVE-2023-27911,https://msrc.microsoft.com//update-guide/vulnerability/CVE-2023-27911,AutoDesk: CVE-2023-27911 Heap buffer overflow vulnerability in Autodesk® FBX® SDK 2020 or prior,No,Exploitation Less Likely,No,Remote Code Execution,Important,Visual Studio,AutoDesk
186,"Jun 13, 2023","Sep 14, 2023",CVE-2023-27909,https://msrc.microsoft.com//update-guide/vulnerability/CVE-2023-27909,AutoDesk: CVE-2023-27909 Out-Of-Bounds Write Vulnerability in Autodesk® FBX® SDK 2020 or prior,No,Exploitation Less Likely,No,Remote Code Execution,Important,Visual Studio,AutoDesk
187,"Jun 13, 2023","Sep 12, 2023",CVE-2023-24936,https://msrc.microsoft.com//update-guide/vulnerability/CVE-2023-24936,".NET, .NET Framework, and Visual Studio Elevation of Privilege Vulnerability",No,Exploitation Less Likely,No,Elevation of Privilege,Moderate,.NET and Visual Studio,Microsoft
188,"Jun 2, 2023","Sep 26, 2023",CVE-2023-29345,https://msrc.microsoft.com//update-guide/vulnerability/CVE-2023-29345,Microsoft Edge (Chromium-based) Security Feature Bypass Vulnerability,No,Exploitation Less Likely,No,Security Feature Bypass,Low,Microsoft Edge (Chromium-based),Microsoft
189,"May 9, 2023","Oct 12, 2023",CVE-2023-29343,https://msrc.microsoft.com//update-guide/vulnerability/CVE-2023-29343,SysInternals Sysmon for Windows Elevation of Privilege Vulnerability,No,Exploitation Less Likely,No,Elevation of Privilege,Important,SysInternals,Microsoft
190,"Jul 12, 2022","Sep 4, 2023",CVE-2022-29900,https://msrc.microsoft.com//update-guide/vulnerability/CVE-2022-29900,AMD: CVE-2022-29900 AMD CPU Branch Type Confusion,No,Exploitation Less Likely,No,Information Disclosure,Important,AMD CPU Branch,Advanced Micro Devices Inc.
191,"Apr 11, 2023","Oct 11, 2023",CVE-2023-28304,https://msrc.microsoft.com//update-guide/vulnerability/CVE-2023-28304,Microsoft ODBC and OLE DB Remote Code Execution Vulnerability,No,Exploitation Less Likely,No,Remote Code Execution,Important,SQL Server,Microsoft
192,"Apr 11, 2023","Oct 11, 2023",CVE-2023-23375,https://msrc.microsoft.com//update-guide/vulnerability/CVE-2023-23375,Microsoft ODBC and OLE DB Remote Code Execution Vulnerability,No,Exploitation Less Likely,No,Remote Code Execution,Important,SQL Server,Microsoft
193,"Mar 14, 2023","Sep 3, 2023",CVE-2023-24872,https://msrc.microsoft.com//update-guide/vulnerability/CVE-2023-24872,Microsoft PostScript and PCL6 Class Printer Driver Remote Code Execution Vulnerability,No,Exploitation Less Likely,No,Remote Code Execution,Important,Microsoft PostScript Printer Driver,Microsoft
194,"Dec 13, 2022","Oct 10, 2023",CVE-2022-41127,https://msrc.microsoft.com//update-guide/vulnerability/CVE-2022-41127,Microsoft Dynamics NAV and Microsoft Dynamics 365 Business Central (On Premises) Remote Code Execution Vulnerability,No,Exploitation Less Likely,No,Remote Code Execution,Critical,Microsoft Dynamics,Microsoft
195,"Nov 8, 2022","Oct 12, 2023",CVE-2022-41113,https://msrc.microsoft.com//update-guide/vulnerability/CVE-2022-41113,Windows Win32 Kernel Subsystem Elevation of Privilege Vulnerability,No,Exploitation More Likely,No,Elevation of Privilege,Important,Microsoft Graphics Component,Microsoft
196,"Nov 8, 2022","Oct 10, 2023",CVE-2022-37967,https://msrc.microsoft.com//update-guide/vulnerability/CVE-2022-37967,Windows Kerberos Elevation of Privilege Vulnerability,No,Exploitation More Likely,No,Elevation of Privilege,Critical,Windows Kerberos,Microsoft
197,"Sep 13, 2022","Sep 4, 2023",CVE-2022-26928,https://msrc.microsoft.com//update-guide/vulnerability/CVE-2022-26928,Windows Photo Import API Elevation of Privilege Vulnerability,No,Exploitation Less Likely,No,Elevation of Privilege,Important,Windows Photo Import API,Microsoft
198,"Aug 9, 2022","Sep 22, 2023",CVE-2022-35825,https://msrc.microsoft.com//update-guide/vulnerability/CVE-2022-35825,Visual Studio Remote Code Execution Vulnerability,No,Exploitation Less Likely,No,Remote Code Execution,Important,Visual Studio,Microsoft
199,"Nov 13, 2018","Oct 19, 2023",ADV990001,https://msrc.microsoft.com//update-guide/vulnerability/ADV990001,Latest Servicing Stack Updates,No,,No,,,Servicing Stack Updates,Microsoft
200,"Aug 13, 2019","Oct 10, 2023",ADV190023,https://msrc.microsoft.com//update-guide/vulnerability/ADV190023,Microsoft Guidance for Enabling LDAP Channel Binding and LDAP Signing,Yes,Exploitation Less Likely,No,None,None,Windows Active Directory,Microsoft
201,"Oct 13, 2023","Oct 13, 2023",CVE-2023-5487,https://msrc.microsoft.com//update-guide/vulnerability/CVE-2023-5487,Chromium: CVE-2023-5487 Inappropriate implementation in Fullscreen,,,,,,Microsoft Edge (Chromium-based),Chrome
202,"Oct 13, 2023","Oct 13, 2023",CVE-2023-5486,https://msrc.microsoft.com//update-guide/vulnerability/CVE-2023-5486,Chromium: CVE-2023-5486 Inappropriate implementation in Input,,,,,,Microsoft Edge (Chromium-based),Chrome
203,"Oct 13, 2023","Oct 13, 2023",CVE-2023-5485,https://msrc.microsoft.com//update-guide/vulnerability/CVE-2023-5485,Chromium: CVE-2023-5485 Inappropriate implementation in Autofill,,,,,,Microsoft Edge (Chromium-based),Chrome
204,"Oct 13, 2023","Oct 13, 2023",CVE-2023-5484,https://msrc.microsoft.com//update-guide/vulnerability/CVE-2023-5484,Chromium: CVE-2023-5484 Inappropriate implementation in Navigation,,,,,,Microsoft Edge (Chromium-based),Chrome
205,"Oct 13, 2023","Oct 13, 2023",CVE-2023-5483,https://msrc.microsoft.com//update-guide/vulnerability/CVE-2023-5483,Chromium: CVE-2023-5483 Inappropriate implementation in Intents,,,,,,Microsoft Edge (Chromium-based),Chrome
206,"Oct 13, 2023","Oct 13, 2023",CVE-2023-5481,https://msrc.microsoft.com//update-guide/vulnerability/CVE-2023-5481,Chromium: CVE-2023-5481 Inappropriate implementation in Downloads,,,,,,Microsoft Edge (Chromium-based),Chrome
207,"Oct 13, 2023","Oct 13, 2023",CVE-2023-5479,https://msrc.microsoft.com//update-guide/vulnerability/CVE-2023-5479,Chromium: CVE-2023-5479 Inappropriate implementation in Extensions API,,,,,,Microsoft Edge (Chromium-based),Chrome
208,"Oct 13, 2023","Oct 13, 2023",CVE-2023-5478,https://msrc.microsoft.com//update-guide/vulnerability/CVE-2023-5478,Chromium: CVE-2023-5478 Inappropriate implementation in Autofill,,,,,,Microsoft Edge (Chromium-based),Chrome
209,"Oct 13, 2023","Oct 13, 2023",CVE-2023-5477,https://msrc.microsoft.com//update-guide/vulnerability/CVE-2023-5477,Chromium: CVE-2023-5477 Inappropriate implementation in Installer,,,,,,Microsoft Edge (Chromium-based),Chrome
210,"Oct 13, 2023","Oct 13, 2023",CVE-2023-5476,https://msrc.microsoft.com//update-guide/vulnerability/CVE-2023-5476,Chromium: CVE-2023-5476 Use after free in Blink History,,,,,,Microsoft Edge (Chromium-based),Chrome
211,"Oct 13, 2023","Oct 13, 2023",CVE-2023-5475,https://msrc.microsoft.com//update-guide/vulnerability/CVE-2023-5475,Chromium: CVE-2023-5475 Inappropriate implementation in DevTools,,,,,,Microsoft Edge (Chromium-based),Chrome
212,"Oct 13, 2023","Oct 13, 2023",CVE-2023-5474,https://msrc.microsoft.com//update-guide/vulnerability/CVE-2023-5474,Chromium: CVE-2023-5474 Heap buffer overflow in PDF,,,,,,Microsoft Edge (Chromium-based),Chrome
213,"Oct 13, 2023","Oct 13, 2023",CVE-2023-5473,https://msrc.microsoft.com//update-guide/vulnerability/CVE-2023-5473,Chromium: CVE-2023-5473 Use after free in Cast,,,,,,Microsoft Edge (Chromium-based),Chrome
214,"Oct 13, 2023","Oct 13, 2023",CVE-2023-5218,https://msrc.microsoft.com//update-guide/vulnerability/CVE-2023-5218,Chromium: CVE-2023-5218 Use after free in Site Isolation,,,,,,Microsoft Edge (Chromium-based),Chrome
215,"Oct 4, 2023","Oct 4, 2023",CVE-2023-5346,https://msrc.microsoft.com//update-guide/vulnerability/CVE-2023-5346,Chromium: CVE-2023-5346 Type Confusion in V8,,,,,,Microsoft Edge (Chromium-based),Chrome
216,"Sep 29, 2023","Sep 29, 2023",CVE-2023-5187,https://msrc.microsoft.com//update-guide/vulnerability/CVE-2023-5187,Chromium: CVE-2023-5187 Use after free in Extensions,,,,,,Microsoft Edge (Chromium-based),Chrome
217,"Sep 29, 2023","Sep 29, 2023",CVE-2023-5186,https://msrc.microsoft.com//update-guide/vulnerability/CVE-2023-5186,Chromium: CVE-2023-5186 Use after free in Passwords,,,,,,Microsoft Edge (Chromium-based),Chrome
218,"Sep 29, 2023","Sep 29, 2023",CVE-2023-1999,https://msrc.microsoft.com//update-guide/vulnerability/CVE-2023-1999,Chromium: CVE-2023-1999 Use after free in libwebp,,,,,,Microsoft Edge (Chromium-based),Chrome
219,"Sep 15, 2023","Sep 15, 2023",CVE-2023-4909,https://msrc.microsoft.com//update-guide/vulnerability/CVE-2023-4909,Chromium: CVE-2023-4909 Inappropriate implementation in Interstitials,,,,,,Microsoft Edge (Chromium-based),Chrome
220,"Sep 15, 2023","Sep 15, 2023",CVE-2023-4908,https://msrc.microsoft.com//update-guide/vulnerability/CVE-2023-4908,Chromium: CVE-2023-4908 Inappropriate implementation in Picture in Picture,,,,,,Microsoft Edge (Chromium-based),Chrome
221,"Sep 15, 2023","Sep 15, 2023",CVE-2023-4907,https://msrc.microsoft.com//update-guide/vulnerability/CVE-2023-4907,Chromium: CVE-2023-4907 Inappropriate implementation in Intents,,,,,,Microsoft Edge (Chromium-based),Chrome
222,"Sep 15, 2023","Sep 15, 2023",CVE-2023-4906,https://msrc.microsoft.com//update-guide/vulnerability/CVE-2023-4906,Chromium: CVE-2023-4906 Insufficient policy enforcement in Autofill,,,,,,Microsoft Edge (Chromium-based),Chrome
223,"Sep 15, 2023","Sep 15, 2023",CVE-2023-4905,https://msrc.microsoft.com//update-guide/vulnerability/CVE-2023-4905,Chromium: CVE-2023-4905 Inappropriate implementation in Prompts,,,,,,Microsoft Edge (Chromium-based),Chrome
224,"Sep 15, 2023","Sep 15, 2023",CVE-2023-4904,https://msrc.microsoft.com//update-guide/vulnerability/CVE-2023-4904,Chromium: CVE-2023-4904 Insufficient policy enforcement in Downloads,,,,,,Microsoft Edge (Chromium-based),Chrome
225,"Sep 15, 2023","Sep 15, 2023",CVE-2023-4903,https://msrc.microsoft.com//update-guide/vulnerability/CVE-2023-4903,Chromium: CVE-2023-4903 Inappropriate implementation in Custom Mobile Tabs,,,,,,Microsoft Edge (Chromium-based),Chrome
226,"Sep 15, 2023","Sep 15, 2023",CVE-2023-4902,https://msrc.microsoft.com//update-guide/vulnerability/CVE-2023-4902,Chromium: CVE-2023-4902 Inappropriate implementation in Input,,,,,,Microsoft Edge (Chromium-based),Chrome
227,"Sep 15, 2023","Sep 15, 2023",CVE-2023-4901,https://msrc.microsoft.com//update-guide/vulnerability/CVE-2023-4901,Chromium: CVE-2023-4901 Inappropriate implementation in Prompts,,,,,,Microsoft Edge (Chromium-based),Chrome
228,"Sep 15, 2023","Sep 15, 2023",CVE-2023-4900,https://msrc.microsoft.com//update-guide/vulnerability/CVE-2023-4900,Chromium: CVE-2023-4900 Inappropriate implementation in Custom Tabs,,,,,,Microsoft Edge (Chromium-based),Chrome
229,"Sep 7, 2023","Sep 7, 2023",CVE-2023-4764,https://msrc.microsoft.com//update-guide/vulnerability/CVE-2023-4764,Chromium: CVE-2023-4764 Incorrect security UI in BFCache,,,,,,Microsoft Edge (Chromium-based),Chrome
230,"Sep 7, 2023","Sep 7, 2023",CVE-2023-4763,https://msrc.microsoft.com//update-guide/vulnerability/CVE-2023-4763,Chromium: CVE-2023-4763 Use after free in Networks,,,,,,Microsoft Edge (Chromium-based),Chrome
231,"Sep 7, 2023","Sep 7, 2023",CVE-2023-4762,https://msrc.microsoft.com//update-guide/vulnerability/CVE-2023-4762,Chromium: CVE-2023-4762 Type Confusion in V8,,,,,,Microsoft Edge (Chromium-based),Chrome
232,"Sep 7, 2023","Sep 7, 2023",CVE-2023-4761,https://msrc.microsoft.com//update-guide/vulnerability/CVE-2023-4761,Chromium: CVE-2023-4761 Out of bounds memory access in FedCM,,,,,,Microsoft Edge (Chromium-based),Chrome
